date,mean_sentiment,polarity,sentiment_volatility,minimum_sentiment,Q1_sentiment,median_sentiment,Q3_sentiment,maximum_sentiment,IQR
2024-09-29,0.044202002664888246,positive,0.020499995231123693,0.01592813855130224,0.03813718370203854,0.048126833081990436,0.05419165204484014,0.06462620594426986,0.016054468342801595
2024-09-30,0.0386880127425409,positive,0.06847362856950279,-0.08895698873400688,-7.996932864188648e-05,0.04435410536825655,0.09658639780059457,0.1276017893105745,0.09666636712923646
2024-10-03,0.07526682867238012,positive,0.18660792840947435,-0.2235726068023592,-0.016448159474879476,0.00864770845510065,0.22501813864279538,0.4118121862411499,0.24146629811767487
2024-10-04,-0.05230783826384694,negative,0.22985490562477717,-0.3512229975312948,-0.2140691503882408,0.008696034899912775,0.06934422141909595,0.2257127002812922,0.2834133718073367
2024-10-05,0.04845398413608776,positive,0.021954667466773832,0.0329296898916363,0.040691837013862024,0.04845398413608776,0.056216131258313484,0.06397827838053921,0.01552429424445146
2024-10-06,0.22638794803356754,positive,0.33351101984222103,-0.12928129143714906,0.027350888829957693,0.09160180079936979,0.4640481760725379,0.6782201659031213,0.4366972872425802
2024-10-07,0.13417118528371,positive,0.12982900065710581,-0.0012870247997343511,0.013948573308251774,0.11362957837991415,0.2254221544550266,0.37097594629526137,0.21147358114677484
2024-10-09,0.1899918126873672,positive,0.8707260199729484,-0.4257044605910778,-0.1178563239518553,0.1899918126873672,0.4978399493265897,0.8056880859658122,0.615696273278445
2024-10-10,0.024257868980988848,positive,0.01738203196184622,0.008573383092880237,0.012953440663730722,0.020267803580313912,0.03157223189757204,0.04792248567044733,0.018618791233841317
2024-10-11,0.1036598331035063,positive,0.10754621384599099,-0.03787364959716796,0.015469460112601505,0.0593754365108907,0.18784303429839203,0.2576815076172352,0.17237357418579052
2024-10-12,0.12186946631570654,positive,0.15813863124921007,0.005928862030059098,0.0317979851413518,0.0576671082526445,0.17983976845853025,0.302012428664416,0.14804178331717846
2024-10-14,0.10785783458762802,positive,0.11214029830799496,-0.006184360119700422,0.012565580942295478,0.08071526930686086,0.14908065959047523,0.31947472086176276,0.13651507864817974
2024-10-17,0.07722379085458814,positive,0.23817533293899149,-0.2553596943616867,0.0077255890757776755,0.04835657724943011,0.13285379389300944,0.7097857924368233,0.12512820481723178
2024-10-18,0.11618180292841668,positive,0.11072351733417056,0.008467750274576238,0.059428973190579555,0.11039019610658288,0.1700388292553369,0.2296874624040909,0.11060985606475734
2024-10-20,0.25163789138613885,positive,0.2231718919403581,0.04525131434295326,0.13322222108384593,0.2211931278247386,0.3548311799077317,0.4884692319907248,0.2216089588238858
2024-10-21,0.16927927485289707,positive,0.16910434354668194,-0.14983767084740102,0.06537341776248068,0.1265194362461567,0.2296765046194196,0.5098590546287596,0.16430308685693892
2024-10-24,0.21199643253762274,positive,0.1271831435745812,0.028127609163522704,0.17712671300787478,0.19298534700646994,0.30790712032467127,0.353835373185575,0.1307804073167965
2024-10-25,0.08025934043591842,positive,0.18941990335435951,-0.09757025785446166,6.38970576226994e-05,0.01652446735650301,0.07998462980953044,0.4827641198150814,0.07992073275190774
2024-10-26,0.024354184198379515,positive,0.0,0.024354184198379515,0.024354184198379515,0.024354184198379515,0.024354184198379515,0.024354184198379515,0.0
2024-10-27,0.15878503524740223,positive,0.10425726782748208,0.0850640141786076,0.12192452471300491,0.15878503524740223,0.19564554578179957,0.2325060563161969,0.07372102106879466
2024-10-28,0.14221468981866325,positive,0.19240872662218267,-0.02886296436190605,0.004781699919793751,0.08358599012717605,0.2513328205007128,0.4285507621243596,0.24655112058091908
2024-11-01,0.031444926746808245,positive,0.24803236322454222,-0.698285913977027,0.013231431425083413,0.028464247720129766,0.0335337234664941,0.4461364699527621,0.020302292041410687
2024-11-02,0.04978759608194232,positive,0.0,0.04978759608194232,0.04978759608194232,0.04978759608194232,0.04978759608194232,0.04978759608194232,0.0
2024-11-03,0.04956082323789592,positive,0.0,0.04956082323789592,0.04956082323789592,0.04956082323789592,0.04956082323789592,0.04956082323789592,0.0
2024-11-04,0.06753005728125572,positive,0.17989047423354937,-0.23507452489100392,0.0017175325486808982,0.04403111048396676,0.1359449380751699,0.40454429731965064,0.134227405526489
2024-11-05,0.054253403719514606,positive,0.03678496375910408,0.028242506399750712,0.041247955059632656,0.054253403719514606,0.06725885237939655,0.0802643010392785,0.026010897319763894
2024-11-06,0.021918900431320065,positive,0.13104974754760673,-0.17918726781085134,0.0070481315255165105,0.04001617431640625,0.05711854549385603,0.18459891863167288,0.05007041396833952
2024-11-07,0.10350827001196643,positive,0.21701293117823653,-0.0941414620220661,-0.0288797460820526,0.00255053792912511,0.23258291951715943,0.440186133608222,0.26146266559921205
2024-11-08,-0.0022077091852965042,negative,0.02698897205773,-0.04921250742319972,-0.013224046892020844,0.001517334161326289,0.005755540443165223,0.0480095595121383,0.018979587335186066
2024-11-09,-0.05744860770106314,negative,0.0484513905859115,-0.0887494420878589,-0.08535322474725543,-0.08195700740665196,-0.04179819050766525,-0.001639373608678538,0.04355503423959018
2024-11-10,0.04886452640211207,positive,0.016764347911303094,0.037010342311859123,0.0429374343569856,0.04886452640211207,0.05479161844723855,0.060718710492365026,0.011854184090252955
2024-11-11,0.03594251849837602,positive,0.13577636686704972,-0.09124958963692187,-0.06580279585160313,-0.028504784305393688,0.1794574230991304,0.1858123391866684,0.24526021895073352
2024-11-14,0.1156767341284547,positive,0.0958791943585323,0.004053441940993057,0.05354213736481032,0.093434523699712,0.14931938878754153,0.3122801849037409,0.09577725142273122
2024-11-15,0.05571848394763655,positive,0.09858885490370488,-0.05732268794029951,-0.0007068341695703549,0.005483219911623711,0.11776557090617716,0.20889405890163032,0.11847240507574752
2024-11-16,0.04676247925573259,positive,0.13598284389389934,-0.24242701060259714,0.004391964389244077,0.06998263151100834,0.12379193097660315,0.18870608525807034,0.11939996658735907
2024-11-17,0.03330406336411832,positive,0.09355569562868882,-0.13160533486381176,0.00704250091896391,0.05459639258049426,0.09780787242143413,0.11883402715399861,0.09076537150247022
2024-11-18,0.06202199467544754,positive,0.13303884071127664,-0.10222161548137665,-0.01826462186872953,0.015722264429926868,0.15226198229938748,0.3004070023074746,0.17052660416811702
2024-11-21,0.08244122405354087,positive,0.11028825334417657,-0.09282328599840402,0.010416238441062148,0.05381700886669568,0.17175532550322822,0.23089451211858536,0.16133908706216607
2024-11-22,0.06757843531488751,positive,0.10092533740821308,-0.17027964100763202,0.01638589050900191,0.04993745353370905,0.1488950094659347,0.2294752094183117,0.1325091189569328
2024-11-23,-0.00853301703326404,negative,0.10946044320250357,-0.15498193867504598,-0.021710657317936418,-0.014580297437310213,-0.004895013266801825,0.15350282153077424,0.016815644051134594
2024-11-24,0.17215081889895306,positive,0.23112705807582828,-0.19289187731333077,0.11524261469952757,0.1396248963844031,0.15482935007959606,0.5774829403284005,0.03958673538006849
2024-11-25,-0.05316001780917867,negative,0.3551213756082637,-0.6784493361284024,-0.1974244963126257,0.07188904203623533,0.08026682431176305,0.4687555134296417,0.2776913206243887
2024-11-26,0.08771815404747188,positive,0.09240184567870979,-0.06812133166193961,0.022577132477331875,0.07547158933421597,0.16063977672164328,0.23183129979511724,0.13806264424431142
2024-11-27,0.023875768136222136,positive,0.232489952440559,-0.7239924323600716,0.024861987712234215,0.037547235963866096,0.15680256173461676,0.2675370336484164,0.13194057402238255
2024-11-28,0.14731816689006982,positive,0.28557132560372106,-0.2819713950157165,0.07231655798032875,0.2147498041687533,0.23099073162302375,0.5005051356939598,0.15867417364269498
2024-11-29,0.10269812491620806,positive,0.12946007766440418,0.000988053699955339,0.01418006655797361,0.06675978638827801,0.13505784411933275,0.43451543524861336,0.12087777756135915
2024-11-30,0.05615344300273807,positive,0.10360054746528666,-0.06899059353917837,-0.006150386929512001,0.03113043108321725,0.15260602919086816,0.1721717352082953,0.15875641612038016
2024-12-01,-0.052209526558996494,negative,0.1405790798793204,-0.183651328086853,-0.15429375840183346,-0.08761039070338009,0.006617407666379541,0.18410982398465275,0.16091116606821299
2024-12-02,0.07979623240397311,positive,0.10870804835607425,-0.12335179520957171,0.018651802086504132,0.05587570846541784,0.18014710064679382,0.22589635624587537,0.16149529856028969
2024-12-04,0.11514972792789341,positive,0.16439732497803886,0.0009715227456763343,0.020937483746185887,0.04090344474669544,0.17223883051900193,0.30357421629130843,0.15130134677281604
2024-12-05,0.11543843545120519,positive,0.0762864615648824,0.03664744402840729,0.06582783211348578,0.08787532145804725,0.17262253229732158,0.22088225418701768,0.1067947001838358
2024-12-06,0.031508981269758866,positive,0.09242814054356986,-0.17922503611780702,0.021791744259651746,0.02943112663831558,0.044101541001489386,0.231584257321246,0.02230979674183764
2024-12-07,0.13539311381191013,positive,0.21784504780568176,-0.019330197331309307,0.0149174025099724,0.02836771705560382,0.14365296422466636,0.5093576826006174,0.12873556171469397
2024-12-08,0.04426296161804349,positive,0.037372036270787994,0.0029071360971778598,0.02858685087803751,0.05426656565889716,0.06494087437847629,0.07561518309805543,0.03635402350043877
2024-12-09,-0.008908373012331624,negative,0.16626236206952041,-0.23280371756013482,-0.08643650269838982,-0.047209718568902465,0.10131115394737572,0.22246690257936716,0.18774765664576554
2024-12-10,0.01504406073532466,positive,0.20843348869209374,-0.42881176667809484,0.01657498894995078,0.04163794663511214,0.12261293774209917,0.21410639180615543,0.10603794879214838
2024-12-11,-0.05224439320103932,negative,0.17032220552028762,-0.30857549618929625,-0.1810214205215685,0.02118989925831555,0.07655955376625058,0.13059857803434133,0.25758097428781906
2024-12-12,-0.07655526415647475,negative,0.12685365849223204,-0.23575634770067408,-0.14832323726483154,-0.057075219165533785,0.01469275394282302,0.04368572940584267,0.16301599120765456
2024-12-13,0.006646631473169784,positive,0.10586265834919105,-0.20401829287502912,0.00658129660366099,0.010641429145820438,0.040872212157025925,0.14499626652002334,0.034290915553364935
2024-12-14,-0.01804703152142465,negative,0.08887262935893327,-0.15020921499934045,-0.029772770352847866,0.019883127752225834,0.03160886658364905,0.03825483340919018,0.06138163693649692
2024-12-15,0.10690194573208689,positive,0.06752624741670708,0.049067368581891056,0.05707622960302979,0.09779693769067525,0.11278808655068279,0.21778110623415559,0.055711856947652995
2024-12-16,-0.010390406756076446,negative,0.17952232057753242,-0.37947091938853267,-0.030547581060510132,0.0036564432993530724,0.11134799770116804,0.14148079551532866,0.1418955787616782
2024-12-18,0.03868534163452374,positive,0.08748266640302456,-0.06448983732908965,0.016128265998978167,0.0225871684926562,0.0326185562206665,0.20148989951983093,0.016490290221688332
2024-12-19,0.04002161476957612,positive,0.17804577359585722,-0.3236908832848072,0.00927150925369933,0.08520807334920391,0.12253409320539795,0.3037625627106987,0.11326258395169861
2024-12-20,-0.05794359544842905,negative,0.20172554646481716,-0.4336572508327663,-0.14328452295493338,0.014976824870891869,0.0654489674797281,0.16874636877328159,0.2087334904346615
2024-12-21,0.04595244429655946,positive,0.09824098316415189,-0.13565154551379383,-0.0055928821325302025,0.03449222855269908,0.10155282661886886,0.24848739324845373,0.10714570875139906
2024-12-22,0.0569698626763886,positive,0.09088659705334629,-0.033060463452339164,-0.015205532688274941,0.059712004383979396,0.13188739974864294,0.14151590538993478,0.14709293243691787
2024-12-23,-0.007421259631288173,negative,0.17083596035842505,-0.3577300344143063,-0.08084861662089825,0.0601883798584342,0.09558105247560889,0.1956821056082844,0.17642966909650715
2024-12-24,0.12689588708072394,positive,0.1614403878632983,0.004595246881898487,0.03498488354738798,0.07152223904281854,0.14576704158894718,0.5694916670396925,0.1107821580415592
2024-12-25,0.12063254521466525,positive,0.12921084899838103,0.02042908502742647,0.04973116921111941,0.0771332522854209,0.12375589862223715,0.39989134352309624,0.07402472941111773
2024-12-26,0.042677489581389824,positive,0.17696778379004036,-0.3071014806628227,-0.0025898271361365775,0.013617230545217154,0.17783211155608297,0.2749745021574199,0.18042193869221956
2024-12-27,0.04465866941262502,positive,0.1800574869237003,-0.10648218441903591,-0.045118664206936956,-0.005474231541343027,0.05703668431253172,0.4622916504740715,0.10215534851946867
2024-12-28,0.01824287480912172,positive,0.08233964663276483,-0.05719184507690369,-0.04780017611822112,0.009535476271156227,0.07557852719849907,0.11109239177107812,0.12337870331672018
2024-12-29,0.05739275210248306,positive,0.057611630063603814,0.01665517780929804,0.037023964955890554,0.05739275210248306,0.07776153924907557,0.09813032639566809,0.04073757429318502
2024-12-30,0.06205308946019716,positive,0.11926849538282187,-0.1719716886766255,0.009765421082684762,0.05081354035064575,0.13511858933828771,0.23258757278155534,0.12535316825560294
2024-12-31,0.00490082372263074,positive,0.08830345636759349,-0.1374300615744665,-0.017268887406587576,0.03048628268558532,0.0660788632929325,0.08263792161568996,0.08334775069952008
2025-01-01,-0.01491375267505645,negative,0.0,-0.01491375267505645,-0.01491375267505645,-0.01491375267505645,-0.01491375267505645,-0.01491375267505645,0.0
2025-01-02,0.10009916366764811,positive,0.140424931885761,0.015486051937937735,0.015490373916341917,0.038332975155254814,0.122941764906561,0.30824465242214505,0.10745139099021908
2025-01-03,0.0151317539422214,positive,0.03621663878127604,-0.04326307833418249,0.004328017543256278,0.029146338013373314,0.04206880479678512,0.04337868769187478,0.03774078725352884
2025-01-04,0.07171269184912865,positive,0.04572399808549416,0.0263916477560997,0.04865440645408817,0.07091716515207663,0.09437321389564313,0.11782926263920963,0.04571880744155496
2025-01-05,0.06903054677459876,positive,0.10194638521089279,-0.005753615808486937,0.018376731422543528,0.031139063090085968,0.0817928784421412,0.21959767672671004,0.06341614701959766
2025-01-06,0.10191740445867954,positive,0.10075176565019038,0.004877156736329196,0.017474223237857217,0.07996181731149553,0.18403812228798633,0.23132838623262938,0.1665638990501291
2025-01-07,-0.03866377876327995,negative,0.22499664069921585,-0.3884337150555104,-0.10961828912496566,-0.01347402352169156,0.013436899101384915,0.30265826053619377,0.12305518822635057
2025-01-08,-0.029009297331635025,negative,0.19910395908094036,-0.4818578087724745,-0.026946879563853127,0.02615918895397333,0.08641408769369587,0.2147847894811537,0.11336096725754899
2025-01-09,0.04362330547674118,positive,0.12579801695301956,-0.17611063650548459,0.002799619747698304,0.005231762989051635,0.0806397962456569,0.4634314551949501,0.07784017649795859
2025-01-10,-0.06590537881011677,negative,0.13004372240506878,-0.23545146484924478,-0.16466683487882838,-0.060663478422164914,0.02669628601726142,0.11071838932372624,0.1913631208960898
2025-01-13,-0.08517389608789235,negative,0.15300499961632028,-0.19336476887203752,-0.13926933247996492,-0.08517389608789235,-0.031078459695819762,0.023016976696252824,0.10819087278414516
2025-01-14,0.04960621493607759,positive,0.0,0.04960621493607759,0.04960621493607759,0.04960621493607759,0.04960621493607759,0.04960621493607759,0.0
2025-01-15,0.10166599408630281,positive,0.0,0.10166599408630281,0.10166599408630281,0.10166599408630281,0.10166599408630281,0.10166599408630281,0.0
2025-01-22,0.1207067802957259,positive,0.046984742829278975,0.07883583708750082,0.09530013435208237,0.11176443161666393,0.14164225189983845,0.17152007218301296,0.04634211754775608
2025-01-24,0.20712621192312797,positive,0.002840430506569881,0.20511772425044328,0.20612196808678562,0.20712621192312797,0.20813045575947034,0.20913469959581268,0.0020084876726847167
2025-01-27,0.026204729255971813,positive,0.20867506170067654,-0.2249365412481129,-0.1576268540921621,0.060570387485809625,0.18942805655039846,0.25900279685854916,0.34705491064256055
2025-01-28,0.05406736711356788,positive,0.16681660310872765,-0.1380947277881205,0.00025891405907457754,0.1386125559062697,0.15014841456441208,0.16168427322255446,0.1498895005053375
2025-01-29,-0.0071376960664987525,negative,0.0,-0.0071376960664987525,-0.0071376960664987525,-0.0071376960664987525,-0.0071376960664987525,-0.0071376960664987525,0.0
2025-01-30,0.06598221426524689,positive,0.17793518272577333,-0.11388810799978671,-0.039331817888002836,0.03807437154580839,0.14338840369905811,0.3016682219691575,0.18272022158706094
2025-01-31,0.0425110763092758,positive,0.15319705060041114,-0.16995138377230615,-0.018747218668414292,0.08773958101286551,0.1489978759905556,0.16451652698367833,0.16774509465896992
2025-02-02,0.04771432125940917,positive,0.0,0.04771432125940917,0.04771432125940917,0.04771432125940917,0.04771432125940917,0.04771432125940917,0.0
2025-02-03,0.013252035939134661,positive,0.03006889279034389,-0.010756997336447216,-0.003610851442068807,0.0035352944523096026,0.0252565525769256,0.0469778107015416,0.028867404018994406
2025-02-04,-0.01770582772388589,negative,0.12943177806378575,-0.21015521134883164,-0.034605157423485064,0.03703866276238113,0.05393799246198031,0.06525457492852582,0.08854314988546538
2025-02-10,-0.006285448727756741,negative,0.049073303366915885,-0.0409855143137276,-0.02363548152074217,-0.006285448727756741,0.01106458406522869,0.028414616858214118,0.03470006558597086
2025-02-12,0.17096317458227278,positive,0.0,0.17096317458227278,0.17096317458227278,0.17096317458227278,0.17096317458227278,0.17096317458227278,0.0
2025-02-14,0.2104602748900652,positive,0.0,0.2104602748900652,0.2104602748900652,0.2104602748900652,0.2104602748900652,0.2104602748900652,0.0
2025-02-17,0.2227700298283249,positive,0.0,0.2227700298283249,0.2227700298283249,0.2227700298283249,0.2227700298283249,0.2227700298283249,0.0
2025-02-18,-0.038346544001251454,negative,0.024182553358347868,-0.055446191467344745,-0.046896367734298096,-0.038346544001251454,-0.029796720268204804,-0.021246896535158155,0.01709964746609329
2025-02-19,0.07903071313947439,positive,0.10710828320540787,0.00329371976368129,0.041162216451577846,0.07903071313947439,0.11689920982737095,0.1547677065152675,0.07573699337579311
2025-02-20,0.002661756238946683,positive,0.10347751960616347,-0.07050789957493543,-0.033923071667994374,0.002661756238946683,0.03924658414588774,0.0758314120528288,0.07316965581388211
2025-02-22,0.09841619766962248,positive,0.17084332691120455,-0.02238827730976044,0.03801396017993103,0.09841619766962248,0.15881843515931393,0.2192206726490054,0.1208044749793829
2025-02-23,-0.21937509392201898,negative,0.0,-0.21937509392201898,-0.21937509392201898,-0.21937509392201898,-0.21937509392201898,-0.21937509392201898,0.0
2025-02-24,0.029459155349247156,positive,0.15484528353356658,-0.2169880679257214,-0.00789875083565711,0.058626505752280345,0.1408804550467059,0.17267563470862804,0.148779205882363
2025-02-25,0.08220534125044941,positive,0.0,0.08220534125044941,0.08220534125044941,0.08220534125044941,0.08220534125044941,0.08220534125044941,0.0
2025-02-26,-0.008177097935934685,negative,0.21175386616261246,-0.23275436613745987,-0.21657313527893274,0.0156453717499971,0.18447674576835704,0.2240620878570713,0.4010498810472898
2025-02-27,0.03693772831992911,positive,0.17044763571031002,-0.23656990262009203,-0.04764692110545003,0.06773245878266171,0.15434312964105046,0.21400912500573321,0.2019900507465005
2025-02-28,-0.008630923651647748,negative,0.23540395838788353,-0.2346036216133274,-0.20025914391533006,-0.0026201861212030025,0.1890080341424793,0.2053202992491424,0.38926717805780936
2025-03-03,0.10532897144073086,positive,0.14835108351983411,-0.16271085264086724,0.024809544624900426,0.18258019161690026,0.2219964564561378,0.2238214589470066,0.19718691183123738
2025-03-04,-0.05262450430423021,negative,0.12471960370196018,-0.21085067670084534,-0.16327583962082862,0.015638160026818494,0.03880233414396644,0.05656350062973793,0.20207817376479506
2025-03-05,-0.1691540885700534,negative,0.18268490899201703,-0.3154450968001038,-0.27153523989524697,-0.2276253829903901,-0.0960085844550282,0.0356082140803337,0.17552665544021878
2025-03-06,-0.15702766950111838,negative,0.17325646535661438,-0.28982922608032824,-0.25501735698189587,-0.2202054878834635,-0.09062689121151345,0.03895170546043662,0.1643904657703824
2025-03-07,0.22028288209810853,positive,0.0,0.22028288209810853,0.22028288209810853,0.22028288209810853,0.22028288209810853,0.22028288209810853,0.0
2025-03-09,0.15815382666382938,positive,0.04903222383018189,0.12348280869685113,0.14081831768034025,0.15815382666382938,0.1754893356473185,0.19282484463080762,0.034671017966978246
2025-03-10,0.15358562042769044,positive,0.10442773847791631,0.07974405840598046,0.11666483941683545,0.15358562042769044,0.19050640143854541,0.2274271824494004,0.07384156202170997
2025-03-12,0.12417158013833686,positive,0.12499903872923095,0.03578391221109777,0.07997774617471731,0.12417158013833686,0.1683654141019564,0.21255924806557594,0.0883876679272391
2025-03-16,0.06237740641171111,positive,0.07678536283315147,0.0052155597038566984,0.01510224795751272,0.03717844018321484,0.06925465747043487,0.22553403413901105,0.05415240951292215
2025-03-17,0.2143253783754073,positive,0.0,0.2143253783754073,0.2143253783754073,0.2143253783754073,0.2143253783754073,0.2143253783754073,0.0
2025-03-19,0.22024861082229763,positive,0.0,0.22024861082229763,0.22024861082229763,0.22024861082229763,0.22024861082229763,0.22024861082229763,0.0
2025-03-20,0.1268411048930604,positive,0.05282535745359461,0.08802302659023553,0.09676266824332996,0.10550230989642441,0.14625014404447284,0.18699797819252126,0.04948747580114288
2025-03-21,-0.12198169037289919,negative,0.08666217708423932,-0.19056098522506654,-0.17068199370186776,-0.150803002178669,-0.0876920429468155,-0.024581083714962006,0.08298995075505226
2025-03-22,0.035367686514432235,positive,0.11619016837295827,-0.15889456788636744,0.011627146957814673,0.029020350822247562,0.10268309371741488,0.17999323164299133,0.09105594675960021
2025-03-23,0.11896652041248976,positive,0.08247609315206089,0.0366543587297201,0.052249086128920284,0.09861539487540721,0.17892195596620442,0.2283918063621968,0.12667286983728412
2025-03-24,0.07423313594719315,positive,0.15511023499173596,-0.1306335545435548,0.0017836968651972704,0.05363493389450011,0.06469872899670152,0.5050399359241128,0.06291503213150425
2025-03-27,0.025970796690068465,positive,0.16579016323591805,-0.26102752310447397,-0.019036347678303707,-0.000867915339767925,0.03257380916811525,0.3327630198666826,0.05161015684641896
2025-03-28,0.00023686522021041832,positive,0.19061935850767434,-0.4277793848887086,-0.09816208206443117,0.0237090606242418,0.11432408223170785,0.23382429987192155,0.21248616429613904
2025-03-29,0.0194033843478933,positive,0.03313226344236397,-0.02236784622669219,-0.008765910843014686,0.03300349831469356,0.0412269955990836,0.053920184895396225,0.049992906442098285
2025-03-30,0.014212922170199436,positive,0.055150355373925104,-0.08537277721166611,0.00958410324426367,0.017827410103753206,0.0428174004804343,0.0770117584615945,0.033233297236170634
2025-03-31,-0.0592852056079462,negative,0.19485620123016786,-0.4825460682623088,-0.215633660130389,0.008969600498676301,0.050804228083882456,0.2712492365390062,0.26643788821427145
2025-04-02,0.013925324056755438,positive,0.16558618783244547,-0.16004740294143557,-0.12533395536324243,0.004964748997683628,0.15995619427710772,0.1908166967332363,0.28529014964035015
2025-04-03,-0.12284666275264357,negative,0.16360016934263763,-0.4754895257111639,-0.19447361201392488,-0.13691191594451665,-0.006463088441826405,0.13207091856747866,0.18801052357209846
2025-04-04,-0.053414495839085446,negative,0.24413728874472287,-0.5331446025803686,-0.03741785447620787,0.0159773616841994,0.08030432970672845,0.13417251165956257,0.11772218418293631
2025-04-05,-0.03100601185592159,negative,0.15192210436214654,-0.321791958899796,-0.07895889883898198,0.006099432109296266,0.05789384731538591,0.14078054684624075,0.13685274615436788
2025-04-06,-0.0516354814741388,negative,0.14241500898434312,-0.2389393016559072,-0.15848319345209747,0.010652577999047931,0.020314172208309146,0.10827833752995357,0.1787973656604066
2025-04-07,0.044750563121290186,positive,0.19415165476816404,-0.23735320990453473,-0.04992374952449463,0.0792562636747956,0.1728170755404979,0.28021149758137764,0.22274082506499254
2025-04-09,-0.030502857672880322,negative,0.21350613153741674,-0.464764871634543,-0.18871370814414692,0.01053468259237706,0.1229761126222089,0.23477783799171445,0.3116898207663558
2025-04-10,0.06481696743065349,positive,0.18700265845455777,-0.2395798948416486,-0.026875648927688595,0.005293360445648431,0.14903071224689485,0.463766428641975,0.17590636117458344
2025-04-11,-0.016532655321330685,negative,0.06691581392097042,-0.15147126682084056,-0.04743239911459387,0.008369471795484397,0.01781893678754566,0.06498497441411016,0.06525133590213952
2025-04-12,0.04736762434132398,positive,0.10192245470666396,-0.05788916201516982,-0.00833120791865512,0.03202863802472129,0.08772747028470039,0.18330238333102314,0.09605867820335551
2025-04-14,0.0903642568268813,positive,0.08802940888035259,-0.0446676082283258,0.033955590784689405,0.08701437474293633,0.1294986116699874,0.2355518687531352,0.09554302088529801
2025-04-16,0.004196482471190389,positive,0.3769498565516992,-0.4150549616441131,-0.15795847812406721,-0.13681816822942347,0.036752148424834,0.8844962753355503,0.1947106265489012
2025-04-17,-0.0927436368026168,negative,0.22353324718875636,-0.6351812141854316,-0.2227086726680398,0.02090185609459877,0.03758798897173256,0.1304729267437011,0.26029666163977233
2025-04-18,-0.049412701391743044,negative,0.08984929941550944,-0.19228664846196772,-0.1238289842081722,-0.025333875792194146,0.01994208475321063,0.04650504231061787,0.14377106896138284
2025-04-19,-0.15643940178435295,negative,0.0,-0.15643940178435295,-0.15643940178435295,-0.15643940178435295,-0.15643940178435295,-0.15643940178435295,0.0
2025-04-21,-0.03849259292898351,negative,0.17322205069909558,-0.41375919747725126,-0.13731353172166275,-0.0008990812290460005,0.0354819823173806,0.32220439674910156,0.17279551403904336
2025-04-22,0.00424554659655937,positive,0.1308062738945583,-0.2395285121396184,0.005075407993607206,0.027204094583541123,0.051733438527863475,0.15298453691229222,0.04665803053425627
2025-04-23,-0.02670153396607687,negative,0.17216716314279681,-0.3028989038974978,-0.16022684352919458,0.010590471823513508,0.09955906794816255,0.22526118768230083,0.25978591147735713
2025-04-24,0.09584246899182243,positive,0.26525897095696493,-0.15903640698678795,-0.029405437922384585,0.021511523165367523,0.16220247688679956,0.9123066067695618,0.19160791480918415
2025-04-25,0.0025308241612362614,positive,0.2625065767916243,-0.2124866521982476,-0.18011445142775773,-0.10677243682742119,0.07814287487631663,0.5996865164488554,0.2582573263040744
2025-04-26,0.00809173119084109,positive,0.061865941631114134,-0.11918036612458527,0.0018673071458935597,0.0188233777880668,0.04546083068698642,0.06234283100664613,0.04359352354109286
2025-04-27,0.1085584773743525,positive,0.0,0.1085584773743525,0.1085584773743525,0.1085584773743525,0.1085584773743525,0.1085584773743525,0.0
2025-04-28,-0.021661029300621398,negative,0.09234078252589557,-0.234653246589005,-0.05208023788779974,0.01173148460034279,0.02495106226578353,0.06307907875813544,0.07703130015358327
2025-04-29,-0.14410756190191026,negative,0.3667459871802104,-0.800110167771578,-0.3302445088203997,-0.10406035842457786,0.03300335505222895,0.3759214937495999,0.36324786387262864
2025-04-30,0.0009308259804857157,positive,0.16455803670177077,-0.3154143313273787,-0.04193135082386438,0.040997875002026514,0.08813691838681698,0.22855704342043023,0.13006826921068135
2025-05-01,-0.05356203106059694,negative,0.17364687460584213,-0.31838766978923233,-0.18191936992695557,-0.031469365633651616,0.042966137796407546,0.23077742429450154,0.2248855077233631
2025-05-02,-0.06420942769944668,negative,0.15461445169401888,-0.3379319159299135,-0.11508851550305262,0.008964311999734487,0.021438774888357146,0.10422921516112983,0.13652729039140976
2025-05-04,0.14740515099372714,positive,0.0,0.14740515099372714,0.14740515099372714,0.14740515099372714,0.14740515099372714,0.14740515099372714,0.0
2025-05-05,0.02574804364023728,positive,0.26597620381284615,-0.5146716091409326,0.014031719459965827,0.0359344892039895,0.08043122934233393,0.4661894794553518,0.0663995098823681
2025-05-06,0.11666424541710876,positive,0.11923816783166674,0.032350128367077555,0.07450718689209315,0.11666424541710876,0.15882130394212435,0.20097836246713996,0.0843141170500312
2025-05-07,0.11907739094158168,positive,0.135655340365454,-0.0055901184678077,0.021990224070847022,0.05670066105984148,0.2039982940378133,0.3841615989804268,0.18200806996696628
2025-05-08,-0.08279532431117258,negative,0.20147706132063348,-0.4673250345513224,-0.151879589526006,0.0141609478741884,0.04128110748659819,0.09479378057774157,0.1931606970126042
2025-05-09,0.05676125881492885,positive,0.09889779304689611,-0.07650613723956048,0.013316147202346466,0.033225840346515136,0.0818705443130806,0.2311720084398985,0.06855439711073413
2025-05-11,0.13252749943574887,positive,0.1398745617580735,0.03362124830111856,0.08307437386843372,0.13252749943574887,0.18198062500306406,0.2314337505703792,0.09890625113463034
2025-05-12,0.1473294512955239,positive,0.13605608767016608,0.03317358618145808,0.08175160999314393,0.10576131933107971,0.17133916063345966,0.34462158033847806,0.08958755064031573
2025-05-15,0.12478866869240686,positive,0.16122447965755074,0.015107465889677369,0.029747133345808814,0.0617170980516821,0.12955467070138546,0.43893267679959536,0.09980753735557665
2025-05-16,-0.011517510877150514,negative,0.11009619576640355,-0.23464977122191338,-0.026913744472619145,0.016419716016761943,0.04385744219161569,0.10372008362710476,0.07077118666423483
2025-05-17,-0.08541563095978151,negative,0.157796947623287,-0.26758041865341364,-0.1326794184197672,0.002221581813879303,0.005666762887034558,0.009111943960189814,0.13834618130680174
2025-05-18,0.16581769965589047,positive,0.0,0.16581769965589047,0.16581769965589047,0.16581769965589047,0.16581769965589047,0.16581769965589047,0.0
2025-05-19,0.12044395926190539,positive,0.17525572717123725,-0.2363055178530514,0.0399230040067574,0.14039791050218045,0.18353664513458495,0.4501195168122649,0.14361364112782754
2025-05-21,0.1403790858322056,positive,0.04348451191200382,0.09760145620442927,0.10678467526005114,0.13815753313754686,0.17175194370970132,0.18759982084929944,0.06496726844965017
2025-05-22,0.14114540208486143,positive,0.16218411795303297,0.0028376977924257436,0.03476021101973018,0.09790572473620995,0.20429091580134118,0.36593246107460004,0.169530704781611
2025-05-23,0.03919740072922781,positive,0.23009299003811792,-0.5432459396935999,-0.0006740669291466468,0.09992438833964988,0.20127553032319995,0.30036694653332235,0.2019495972523466
2025-05-24,0.0004631994676077833,positive,0.10912331921012851,-0.1374856989151798,-0.034413929348043146,0.005015407491847882,0.03989253630749881,0.12930768180191518,0.07430646565554196
2025-05-25,0.008787915874216698,positive,0.11354600691591694,-0.19171525819636884,0.0371783434845507,0.045104911441355935,0.07321617991710082,0.08015540272444487,0.03603783643255012
2025-05-26,-0.05926925820785108,negative,0.18544121806289146,-0.23177899494906884,-0.20940564020255115,-0.0723562471006997,0.07778013489400035,0.1394144563190639,0.2871857750965515
2025-05-29,0.10415050280240054,positive,0.1412069408741016,-0.1017894577793777,-0.0013772491365671,0.11788684674948455,0.21743380702883003,0.2876194694686681,0.21881105616539712
2025-05-30,0.057920021477760736,positive,0.21684717089430608,-0.38430270608216527,-0.013148066647513766,0.03022617489602416,0.21151002679376396,0.4635453131049872,0.22465809344127774
2025-05-31,0.12182338562253861,positive,0.15617631866802145,0.011390051631629462,0.06660671862708403,0.12182338562253861,0.1770400526179932,0.23225671961344777,0.11043333399090915
2025-06-01,0.10105568199744447,positive,0.050466654956459876,0.040934165436774486,0.07052609629798681,0.10444175572693348,0.13497134142639114,0.15440505109913646,0.06444524512840433
2025-06-02,0.0631566825019365,positive,0.09012964343798667,-0.01064966432750225,0.005728608848154539,0.016595083569176494,0.087544733586628,0.23480614562407137,0.08181612473847345
2025-06-04,0.18829969371102218,positive,0.13967236940255723,0.024947123544476865,0.051480590212717656,0.2609622290704399,0.2888110719520599,0.3516051790326834,0.23733048173934224
2025-06-05,0.17323203520143232,positive,0.17483129993454474,-0.08045076601803303,0.030129326618835314,0.20138924252428117,0.3001104536868632,0.4656220870092511,0.26998112706802785
2025-06-06,0.13475676552550203,positive,0.155526595624918,0.005581199832260545,0.01967227460732682,0.06245621568164785,0.23870532928616742,0.4473301147565246,0.2190330546788406
2025-06-07,0.02065280342201393,positive,0.16638035256000966,-0.15097140709012746,-0.059640645118802786,0.0316901168525219,0.10646490867808463,0.18123970050364735,0.1661055537968874
2025-06-08,0.11559125925609842,positive,0.0562179479019995,0.07583916707020254,0.09571521316315049,0.11559125925609842,0.13546730534904639,0.15534335144199432,0.0397520921858959
2025-06-09,0.058516330066145476,positive,0.1382475898710667,-0.2370712165463716,0.013844404814299166,0.019381328263320025,0.1235231304820627,0.29001787981018423,0.10967872566776354
2025-06-12,0.12748957782468165,positive,0.12408973875578172,-0.0065575512126088,0.02089045713152736,0.08893903341144323,0.18814288322180509,0.3534159203619696,0.16725242609027774
2025-06-13,0.12096794670055516,positive,0.19102234919444838,-0.31023906047428024,0.07646138351876289,0.1808834904041141,0.19987115640453992,0.3167325437925756,0.12340977288577704
2025-06-14,0.10590341199655084,positive,0.03733700032080255,0.06707336671873926,0.08808383742617443,0.1090943081336096,0.12531843463545667,0.1415425611373037,0.03723459720928224
2025-06-15,0.04555684572982912,positive,0.03391702785424994,0.007117453116178503,0.03269989886810071,0.05828234462002292,0.06477654203665442,0.07127073945328592,0.032076643168553715
2025-06-16,0.11022039014937889,positive,0.09266139199716862,0.019645598543342194,0.04867997299050912,0.058612956096511334,0.1589814045811072,0.277961421262566,0.11030143159059809
2025-06-17,0.32316946124427487,positive,0.16262917178761924,0.11900936732888222,0.22927998589705678,0.35419999434091154,0.4480894696881296,0.4652684889663942,0.21880948379107285
2025-06-18,0.14402915523799933,positive,0.1686718670939012,-0.13206190468110143,0.0757769548327662,0.1237151025608182,0.24108082953188564,0.3828353200569749,0.16530387469911945
2025-06-19,0.20170468002486971,positive,0.12757131477252184,-0.001312168253958221,0.10403772091183344,0.23275411834511905,0.25489279265506193,0.4515990829095244,0.15085507174322849
2025-06-20,0.21787615209461655,positive,0.11902227290193956,0.04844701893627643,0.13791849036710338,0.2565568753615022,0.2896952516608406,0.3694004070177674,0.1517767612937372
2025-06-21,0.11763232293454931,positive,0.03531471995834238,0.0926610449763015,0.1051466839554254,0.11763232293454931,0.1301179619136732,0.1426036008927971,0.0249712779582478
2025-06-22,0.024709041273283456,positive,0.025975346903444118,-0.005084904140979048,0.01576395383365452,0.03661281180828809,0.03960601398041472,0.042599216152541336,0.023842060146760196
2025-06-23,0.12055602727420626,positive,0.06505833160738606,0.008348180922679591,0.09199494510842487,0.1525501004308462,0.16433577444525438,0.17033247045855968,0.0723408293368295
2025-06-25,0.35567436136789626,positive,0.363224928855922,0.09883555107787252,0.22725495622288439,0.35567436136789626,0.48409376651290814,0.61251317165792,0.25683881029002376
2025-06-26,0.09270743657164277,positive,0.15748937686017472,-0.1594178050160408,0.03465317024253308,0.0625093115516007,0.11551420698091389,0.4422674309462309,0.0808610367383808
2025-06-27,0.2458960186715936,positive,0.3174978123926853,0.037362733884155744,0.04680204511450138,0.11735596853406167,0.3164499420911539,0.7115094037340953,0.26964789697665253
2025-06-28,0.06394670326813523,positive,0.14100059226224212,-0.0406951294876635,-0.03182613249272107,0.017489397235214685,0.09115407716324554,0.3521767657883465,0.12298020965596662
2025-06-29,0.029081986350442002,positive,0.07913595779575774,-0.0291176661849021,-0.01597243526093657,-0.0028272043369710425,0.05818181261811405,0.11919082957319915,0.07415424787905062
2025-06-30,0.23416486832085065,positive,0.2939805448066553,-0.007024790683761228,0.02280573580130003,0.17173272932274267,0.26558727558301765,0.8880082992836833,0.24278153978171763
2025-07-01,0.07417127267184354,positive,0.07069546000310444,0.0124164950102567,0.03561543828397985,0.058814381557703,0.10504866150263695,0.1512829414475709,0.0694332232186571
2025-07-02,0.08606562091190369,positive,0.10457379801535523,0.005676009363122282,0.008518556662648917,0.04022724626660346,0.12313267126232386,0.25277362100481987,0.11461411459967494
2025-07-03,0.12660077573698944,positive,0.1431745167935169,-0.10806216080188752,0.005165539377182721,0.15453316362574696,0.21705882242675867,0.344721363414824,0.21189328304957594
2025-07-04,0.2031974953070283,positive,0.09524070986971447,0.11043937490954996,0.12947047458095476,0.19706543358322234,0.2707924543092959,0.3082197391521186,0.14132197972834112
2025-07-05,0.3979311529072467,positive,0.37999596842229727,0.12923342681229114,0.26358228985976895,0.3979311529072467,0.5322800159547245,0.6666288790022022,0.26869772609495557
2025-07-06,0.15143532151328398,positive,0.10182714786422944,0.07943265474960208,0.11543398813144304,0.15143532151328398,0.18743665489512495,0.2234379882769659,0.07200266676368192
2025-07-07,0.03142082733803739,positive,0.16488422992760843,-0.232839323618263,-0.03967169901207089,0.06434074343321844,0.10635216957777739,0.26689013654850424,0.14602386858984828
2025-07-10,0.07285733208275244,positive,0.11690094416276237,-0.08010551364272832,0.007128754057735201,0.03289115702137346,0.10942444029054604,0.3717120324321091,0.10229568623281084
2025-07-11,0.04341870648258676,positive,0.0521578286684545,-0.001468806993216275,0.014809530725330103,0.031087868443876482,0.06586246322048828,0.10063705799710006,0.051052932495158174
2025-07-12,0.2601067998121958,positive,0.37508943938140415,0.046363890221714964,0.0746228776808828,0.0860132498695515,0.27149717200086454,0.8220368092879653,0.19687429431998174
2025-07-13,0.20520828782357273,positive,0.10941346728027156,0.11334533348474651,0.14468524290109053,0.17602515231743454,0.25113976499298585,0.3262543776685372,0.10645452209189532
2025-07-14,0.10273520875466055,positive,0.14099862087075668,-0.0010177397126331742,0.03010901586064137,0.05063736913893371,0.1232635620329529,0.31068383645340797,0.09315454617231153
2025-07-15,0.08749470218519369,positive,0.1105245513007795,-0.0077242587327957125,0.026894280987977984,0.061512820708751685,0.1351041826441884,0.2086955445796251,0.1082099016562104
2025-07-16,-0.01197504541687669,negative,0.24717833124239527,-0.18675651960074904,-0.09936578250881287,-0.01197504541687669,0.07541569167505949,0.16280642876699566,0.17478147418387235
2025-07-17,0.1753689348715171,positive,0.17214420410218623,0.03185762004554271,0.032012385710142546,0.17638710033372043,0.18314229761064052,0.4534452706575394,0.15112991190049796
2025-07-18,0.12251694757852026,positive,0.10516986763985654,-0.06767569514997301,0.06930426538740285,0.10530435763588175,0.1844059648644179,0.30226221976801754,0.11510169947701505
2025-07-19,0.1481867147041485,positive,0.0,0.1481867147041485,0.1481867147041485,0.1481867147041485,0.1481867147041485,0.1481867147041485,0.0
2025-07-20,0.005898207657365123,positive,0.1788105763430999,-0.12053996342271567,-0.05732087788267527,0.005898207657365123,0.06911729319740552,0.13233637873744591,0.1264381710800808
2025-07-21,0.03212846509069204,positive,0.1820366771004883,-0.21003876208439468,-0.029273260223725808,0.05502560800267383,0.11642733331709168,0.22850140644181519,0.1457005935408175
2025-07-22,0.10868260235134512,positive,0.24037279477588247,-0.23469531536102295,-0.04346844024807214,0.19988488722331824,0.3106215131027624,0.31107036703974006,0.3540899533508346
2025-07-23,0.06368808876233441,positive,0.18468516632312443,-0.1914471410512924,-0.04043207998620346,0.05319259313382209,0.15293401731429618,0.35906729459762576,0.19336609730049964
2025-07-24,0.19577113577513955,positive,0.2801844928251247,0.00172793854847548,0.00970035064821131,0.09062082923641428,0.2766916143633425,0.6001149460792541,0.2669912637151312
2025-07-25,0.1794111570357904,positive,0.19907295735239158,0.05095102393403649,0.051905108330771305,0.052823150889575475,0.23548101288694887,0.5058954891376197,0.18357590455617756
2025-07-26,-0.003459333907812825,negative,0.0,-0.003459333907812825,-0.003459333907812825,-0.003459333907812825,-0.003459333907812825,-0.003459333907812825,0.0
2025-07-27,0.3162384791921824,positive,0.3071914398926695,0.09902132892161607,0.20762990405689924,0.3162384791921824,0.42484705432746556,0.5334556294627487,0.21721715027056632
2025-07-28,0.05194131404217332,positive,0.2526703183583859,-0.15480988363847137,-0.10100911064799875,-0.025091255105286845,0.12785916958488522,0.41275765001773834,0.22886828023288397
2025-07-30,0.23186308560841717,positive,0.3604628222858394,-0.010287642195820793,0.005550611090962774,0.025776100208982824,0.3814415467981249,0.8511084783822298,0.37589093570716214
2025-07-31,0.0880502457758567,positive,0.16618192550964514,-0.07883843937497585,-0.026634482016367835,0.05074243325563148,0.1544087585341884,0.36911763433218,0.18104324055055623
2025-08-01,0.1562654414345111,positive,0.21516329644720805,0.010848099351953713,0.021677446115203194,0.0681894784561358,0.17880148616405203,0.6138626476749778,0.15712404004884883
2025-08-02,0.22736548499558124,positive,0.27463837467190994,0.03316682789102196,0.1302661564433016,0.22736548499558124,0.3244648135478609,0.42156414210014054,0.19419865710455927
2025-08-04,0.22194179684054105,positive,0.012548967162139272,0.21306833706330508,0.21750506695192307,0.22194179684054105,0.22637852672915906,0.23081525661777705,0.008873459777235998
2025-08-06,0.03684294967897236,positive,0.09751750627665869,-0.11065881097409874,0.006741719040274612,0.04935753112658855,0.09117282881867139,0.14760148038342596,0.08443110977839678
2025-08-07,-0.18014053601995111,negative,0.0,-0.18014053601995111,-0.18014053601995111,-0.18014053601995111,-0.18014053601995111,-0.18014053601995111,0.0
2025-08-08,0.14769502539839596,positive,0.0518054290634594,0.11106305520534515,0.12937904030187056,0.14769502539839596,0.16601101049492134,0.18432699559144675,0.036631970193050784
2025-08-11,0.044123922728798864,positive,0.07507857716179907,-0.07924233689904213,0.010133057083748277,0.031457955242693424,0.06142942013572901,0.16830520399026572,0.05129636305198074
2025-08-12,0.10460318033688236,positive,0.13736116203830245,-0.05422061848640442,0.04763652205690741,0.09625150141739286,0.1532181596973678,0.28013033699914813,0.10558163764046039
2025-08-13,0.20831370900922144,positive,0.23377942732434,-0.0062403141707181795,0.021513180492911482,0.1289871400347911,0.4015668161226902,0.5200330526921898,0.3800536356297787
2025-08-14,0.0797885996033748,positive,0.10621481892482264,0.016232378168776627,0.01847916666772216,0.020725955166667698,0.11156671032067389,0.20240746547468008,0.09308754365295173
2025-08-15,0.026306209656521685,positive,0.2831829714121331,-0.42685043959990143,-0.004773520302772494,0.1019558424831368,0.11821842072336003,0.3429807449787855,0.12299194102613252
2025-08-18,0.1588177898741061,positive,0.15236738711419062,0.029999932128656644,0.05179870303776115,0.13206032447777688,0.1906654682912864,0.4647359298542142,0.13886676525352523
2025-08-20,0.18314774141305434,positive,0.18318037975782717,0.04624298824500291,0.07910416999151929,0.11196535173803565,0.25160011799708004,0.39123488425612446,0.17249594800556076
2025-08-21,0.09286287981463089,positive,0.12910008724772978,-0.10439009710997343,0.018028004825022054,0.12247624312061815,0.15462175450986254,0.3553330939821899,0.13659374968484048
2025-08-22,0.026616977134910933,positive,0.17406210135545536,-0.2394044992255512,-0.07740850293338297,0.0019909208334982363,0.1443235612520948,0.303634768333286,0.22173206418547778
2025-08-23,0.2688175510575529,positive,0.2950158656114864,0.032476882931031285,0.059302087767375625,0.18450609835442155,0.39402156164459884,0.6737811245903372,0.33471947387722323
2025-08-24,-0.07849273701575585,negative,0.14251416892968408,-0.19873085401207208,-0.1971057864070404,-0.10069173465231432,0.017921314738970254,0.08614337525367737,0.21502710114601065
2025-08-25,0.07724662767772873,positive,0.13060438014917727,-0.058824933616816996,-0.0283407196201384,0.04924695375738665,0.1967206950164633,0.23213546081157396,0.2250614146366017
2025-08-27,0.10356426833217196,positive,0.18813300149062318,-0.22097220648061483,0.004601343968510626,0.07799431543201207,0.2335517059545964,0.4664646284654736,0.2289503619860858
2025-08-28,-0.02771913830653454,negative,0.1908485327861815,-0.4831752884201706,-0.1188187048073858,0.007836333697289226,0.10763373613012955,0.21311578144300727,0.22645244093751535
2025-08-29,-0.04319258234067396,negative,0.29662824258957926,-0.5186750522139482,-0.2436502091621049,-0.014921502056717835,0.12094892707057298,0.5041829124093056,0.36459913623267787
2025-09-01,0.08133964235053862,positive,0.19902591646262063,-0.21230394215248524,0.05180974012473598,0.1555038519239053,0.18503375414970796,0.2266548077068291,0.13322401402497197
2025-09-02,0.056012277461634945,positive,0.1770727516278582,-0.20547191369868814,-0.06475913099474273,0.11327476477744056,0.19216940663389395,0.22063219124637543,0.25692853762863666
2025-09-03,-0.02162611121958391,negative,0.575625015041113,-0.9450794141739608,-0.26735464148884647,0.30858343328833576,0.3328105761054903,0.3542013331152498,0.6001652175943368
2025-09-04,0.048049820822384195,positive,0.04245769970782252,0.01487426202893256,0.017185883566550902,0.03559038496837019,0.0664543222242035,0.10614425132386385,0.0492684386576526
2025-09-05,-0.023891495634731835,negative,0.061607232771681016,-0.08653672456517816,-0.06901455879108978,-0.027565312383742997,0.01755775077261496,0.04610136679373682,0.08657230956370474
2025-09-07,0.05782093353280798,positive,0.23723265517212846,-0.10992788565829395,-0.026053476062742983,0.05782093353280798,0.14169534312835896,0.22556975272390992,0.16774881919110196
2025-09-08,-0.038482624819998944,negative,0.23905332641712604,-0.4693969916552305,-0.15324626266360283,0.008789668967574826,0.0336421206593513,0.40228178538382053,0.18688838332295413
2025-09-09,0.057443802335858336,positive,0.024213484749238567,0.040322283073514695,0.04888304270468652,0.057443802335858336,0.06600456196703015,0.07456532159820198,0.017121519262343635
2025-09-10,0.12442652739575132,positive,0.10908972160949582,0.008443954464793202,0.04506165424473583,0.12562672306168823,0.20499159621270374,0.2380087089948356,0.15992994196796792
2025-09-11,0.1415336849665269,positive,0.19813485397922898,0.0014311861284077119,0.07148243554746732,0.1415336849665269,0.2115849343855865,0.2816361838046461,0.1401024988381192
2025-09-12,0.11200901367130377,positive,0.143480337870514,-0.11887004801630974,0.0029331659199669903,0.10101868804693216,0.23768820581063627,0.30531282104551793,0.2347550398906693
2025-09-13,0.002431315171470245,positive,0.0042358245329682746,-0.002383219265937795,0.0008543843992054492,0.0040919880643486934,0.004838582390174265,0.0055851767159998365,0.003984197990968816
2025-09-14,0.524999316304922,positive,0.0,0.524999316304922,0.524999316304922,0.524999316304922,0.524999316304922,0.524999316304922,0.0
2025-09-15,0.011327268544360997,positive,0.05929650922312527,-0.05087607838213443,-0.014933768738061176,0.0009499150514602624,0.01324618188440799,0.10825009290613234,0.02817995062246917
2025-09-17,-0.05107168221620166,negative,0.18587533809602955,-0.38591885324567554,-0.07997601533336565,-0.004314313708245747,0.04930467303888869,0.232685538553074,0.12928068837225434
2025-09-18,0.04136842503362025,positive,0.15568487203592163,-0.17498901782557366,-0.034371930581610644,0.008776009368896482,0.06547816566657275,0.39493787609338765,0.09985009624818339
2025-09-19,0.05053500506087827,positive,0.1068978912026236,-0.09020761214196682,-0.0008316509594209704,0.04247709087552502,0.08249804846737534,0.3059740701690316,0.08332969942679631
2025-09-20,0.028518650353513645,positive,0.0,0.028518650353513645,0.028518650353513645,0.028518650353513645,0.028518650353513645,0.028518650353513645,0.0
2025-09-21,0.14372931202668696,positive,0.05639218587752969,0.10385401498675345,0.1237916635067202,0.14372931202668696,0.1636669605466537,0.18360460906662046,0.03987529703993349
2025-09-22,0.08378379151327535,positive,0.03502165203819979,0.0590197438687086,0.07140176769099198,0.08378379151327535,0.09616581533555872,0.1085478391578421,0.024764047644566745
2025-09-23,0.04499459391081367,positive,0.061789883040609804,-0.04461515995860099,0.008570746626332396,0.014693202377855768,0.08913604969028384,0.1761256507362239,0.08056530306395145
2025-09-24,0.11942493181535974,positive,0.00742675335712915,0.11417342415433375,0.11679917798484674,0.11942493181535974,0.12205068564587272,0.12467643947638571,0.005251507661025986
